<?xml version="1.0"?>

<!--
C system chromatic button accordion (isomorphic 1NE/3E).
-->

<qwertymidi>

<map key="escape" action="exit" />
<map key="f1" action="stay-down-octave" />
<map key="f2" action="stay-up-octave" />
<map key="f3" action="stay-down-note" />
<map key="f4" action="stay-up-note" />
<map key="space" action="shift-up-octave" />

<map key="2" action="A3" />
<map key="3" action="C4" />
<map key="4" action="D#4" />
<map key="5" action="F#4" />
<map key="6" action="A4" />
<map key="7" action="C5" />
<map key="8" action="D#5" />
<map key="9" action="F#5" />
<map key="0" action="A5" />
<map key="minus" action="C6" />
<map key="equals" action="D#6" />
<map key="backspace" action="F#6" />

<map key="Q" action="G#3" />
<map key="W" action="B3" />
<map key="E" action="D4" />
<map key="R" action="F4" />
<map key="T" action="G#4" />
<map key="Y" action="B4" />
<map key="U" action="D5" />
<map key="I" action="F5" />
<map key="O" action="G#5" />
<map key="P" action="B5" />
<map key="open-bracket" action="D6" />
<map key="close-bracket" action="F6" />
<map key="backslash" action="G#6" />

<map key="A" action="A#3" />
<map key="S" action="C#4" />
<map key="D" action="E4" />
<map key="F" action="G4" />
<map key="G" action="A#4" />
<map key="H" action="C#5" />
<map key="J" action="E5" />
<map key="K" action="G5" />
<map key="L" action="A#5" />
<map key="semicolon" action="C#6" />
<map key="single-quote" action="E6" />
<map key="enter" action="G6" />

<map key="Z" action="C4" />
<map key="X" action="D#4" />
<map key="C" action="F#4" />
<map key="V" action="A4" />
<map key="B" action="C5" />
<map key="N" action="D#5" />
<map key="M" action="F#5" />
<map key="comma" action="A5" />
<map key="period" action="C6" />
<map key="slash" action="D#6" />

</qwertymidi>
